Type,Name,Request Count,Failure Count,Median Response Time,Average Response Time,Min Response Time,Max Response Time,Average Content Size,Requests/s,Failures/s,50%,66%,75%,80%,90%,95%,98%,99%,99.9%,99.99%,100%
GET,GET /health/live,148307,0,5,9.121100135103978,2.320447994861752,794.1413939988706,56.0,165.0412130422902,0.0,5,6,7,8,14,28,53,80,380,640,790
GET,GET /health/startup,73953,0,5,9.118252747143309,2.319361999980174,794.9589529889636,18.0,82.29748311351781,0.0,5,6,7,8,14,28,53,79,450,620,790
,Aggregated,222260,0,5,9.120152718196545,2.319361999980174,794.9589529889636,43.35618644830379,247.33869615580798,0.0,5,6,7,8,14,28,53,79,400,640,790
