Type,Name,Request Count,Failure Count,Median Response Time,Average Response Time,Min Response Time,Max Response Time,Average Content Size,Requests/s,Failures/s,50%,66%,75%,80%,90%,95%,98%,99%,99.9%,99.99%,100%
GET,GET /health/live,19638,0,5,5.8065492616253715,2.458140006638132,80.50447200366762,56.0,32.81475903166265,0.0,5,6,7,7,8,9,13,21,58,79,81
GET,GET /health/startup,9868,0,5,5.774269627510856,2.467511993017979,95.08552199986298,18.0,16.489257670050264,0.0,5,6,7,7,8,9,12,20,57,95,95
,Aggregated,29506,0,5,5.795753646176241,2.458140006638132,95.08552199986298,43.291262794008,49.30401670171292,0.0,5,6,7,7,8,9,13,21,57,79,95
