Type,Name,Request Count,Failure Count,Median Response Time,Average Response Time,Min Response Time,Max Response Time,Average Content Size,Requests/s,Failures/s,50%,66%,75%,80%,90%,95%,98%,99%,99.9%,99.99%,100%
GET,GET /health/live,973,0,4,4.40814624236488,2.689689994440414,32.10145099728834,56.0,3.264476650446287,0.0,4,4,5,5,6,7,8,10,32,32,32
GET,GET /health/startup,511,0,4,4.493742702097574,2.8252780030015856,36.85002999554854,18.0,1.7144373775725104,0.0,4,5,5,5,6,7,8,10,37,37,37
,Aggregated,1484,0,4,4.437620495008685,2.689689994440414,36.85002999554854,42.91509433962264,4.978914028018798,0.0,4,4,5,5,6,7,8,10,32,37,37
