Type,Name,Request Count,Failure Count,Median Response Time,Average Response Time,Min Response Time,Max Response Time,Average Content Size,Requests/s,Failures/s,50%,66%,75%,80%,90%,95%,98%,99%,99.9%,99.99%,100%
GET,GET /health/live,235928,13,8,24.68860279679247,2.3141060082707554,2753.426928000408,55.996914312841206,65.54364364721982,0.0036115567775501754,8,11,14,18,41,89,200,340,1100,1900,2800
GET,GET /health/startup,117748,3,8,24.888480099364934,2.339336002478376,2755.1454070053296,17.99954139348439,32.711814418690615,0.0008334361794346558,8,11,14,18,42,89,200,340,1100,2100,2800
,Aggregated,353676,16,8,24.755147183811737,2.3141060082707554,2755.1454070053296,43.346594057838246,98.25545806591045,0.004444992956984831,8,11,14,18,41,89,200,340,1100,2000,2800
