Type,Name,Request Count,Failure Count,Median Response Time,Average Response Time,Min Response Time,Max Response Time,Average Content Size,Requests/s,Failures/s,50%,66%,75%,80%,90%,95%,98%,99%,99.9%,99.99%,100%
GET,GET /health/live,996,0,4,4.488693326266915,2.7802450058516115,45.6662420037901,55.9929718875502,3.336091905486911,0.0,4,4,5,5,6,7,9,13,46,46,46
GET,GET /health/startup,497,0,4,4.451030998094189,2.728435007156804,13.851091993274167,18.0,1.6646964628785088,0.0,4,5,5,5,6,7,8,10,14,14,14
,Aggregated,1493,0,4,4.47615603416923,2.728435007156804,45.6662420037901,43.3456128600134,5.00078836836542,0.0,4,5,5,5,6,7,8,12,45,46,46
